Workbook

Sheet Start Here
A1: Base Building Plan
A2: 11-week plan that will get you into running shape without fail.
A4: STEP 1 — When are you starting?
A5: Start date: | B5: 46221 | D5: ← change this and every date in the plan moves with it.
A6: =IF(WEEKDAY($B$5,1)=1,"You're starting on a Sunday, so the plan's rest days land exactly where your coach put them.","You're starting on a "&TEXT($B$5,"dddd")&". Everything still works — the plan's off-days just rotate with you. To keep the original Sunday-to-Saturday weeks, start on "&TEXT($B$5-WEEKDAY($B$5,1)+8,"dddd, mmm d")&" instead.") -> You're starting on a Saturday. Everything still works — the plan's off-days just rotate with you. To keep the original Sunday-to-Saturday weeks, start on Sunday, Jul 19 instead.
A7: ="Plan runs "&TEXT($B$5,"ddd, mmm d")&" through "&TEXT($B$5+COUNT('Daily Plan'!$A$2:$A$79)-1,"ddd, mmm d, yyyy")&" • "&COUNT('Daily Plan'!$A$2:$A$79)&" days, "&COUNTIF('Daily Plan'!$G$2:$G$79,"<>Rest")&" runs, "&SUM('Daily Plan'!$H$2:$H$79)&" planned minutes." -> Plan runs Sat, Jul 18 through Sat, Oct 3, 2026 • 78 days, 55 runs, 1695 planned minutes.
A9: STEP 2 — Which week are you on?
A10: I'm on week: | B10: 1 | C10: =IF(TODAY()<$B$5,"Not started yet — first day is "&TEXT($B$5,"dddd, mmm d")&".",IF(TODAY()>$B$5+COUNT('Daily Plan'!$A$2:$A$79)-1,"Plan complete.","Today is day "&(TODAY()-$B$5+1)&" of the plan — that's week "&(INT((TODAY()-$B$5)/7)+1)&".")) -> Plan complete.
A12: THIS WEEK'S RUNS
A13: Date | B13: Day | C13: Duration | D13: Workout | E13: Type | F13: Target min | G13: Done?
A14: =IF(INDEX('Daily Plan'!$A:$A,1+($B$10-1)*7+1)=0,"—",TEXT(INDEX('Daily Plan'!$C:$C,1+($B$10-1)*7+1),"ddd, mmm d")) -> Sat, Jul 18 | B14: =IF(INDEX('Daily Plan'!$A:$A,1+($B$10-1)*7+1)=0,"—",INDEX('Daily Plan'!$D:$D,1+($B$10-1)*7+1)) -> Saturday | C14: =IF(INDEX('Daily Plan'!$A:$A,1+($B$10-1)*7+1)=0,"—",INDEX('Daily Plan'!$E:$E,1+($B$10-1)*7+1)) -> off | D14: =IF(INDEX('Daily Plan'!$A:$A,1+($B$10-1)*7+1)=0,"—",INDEX('Daily Plan'!$F:$F,1+($B$10-1)*7+1)) -> — | E14: =IF(INDEX('Daily Plan'!$A:$A,1+($B$10-1)*7+1)=0,"—",INDEX('Daily Plan'!$G:$G,1+($B$10-1)*7+1)) -> Rest | F14: =IF(INDEX('Daily Plan'!$A:$A,1+($B$10-1)*7+1)=0,"—",INDEX('Daily Plan'!$H:$H,1+($B$10-1)*7+1)) -> 0 | G14: =IF(INDEX('Daily Plan'!$A:$A,1+($B$10-1)*7+1)=0,"—",INDEX('Daily Plan'!$I:$I,1+($B$10-1)*7+1)) -> —
A15: =IF(INDEX('Daily Plan'!$A:$A,1+($B$10-1)*7+2)=0,"—",TEXT(INDEX('Daily Plan'!$C:$C,1+($B$10-1)*7+2),"ddd, mmm d")) -> Sun, Jul 19 | B15: =IF(INDEX('Daily Plan'!$A:$A,1+($B$10-1)*7+2)=0,"—",INDEX('Daily Plan'!$D:$D,1+($B$10-1)*7+2)) -> Sunday | C15: =IF(INDEX('Daily Plan'!$A:$A,1+($B$10-1)*7+2)=0,"—",INDEX('Daily Plan'!$E:$E,1+($B$10-1)*7+2)) -> 20 min easy | D15: =IF(INDEX('Daily Plan'!$A:$A,1+($B$10-1)*7+2)=0,"—",INDEX('Daily Plan'!$F:$F,1+($B$10-1)*7+2)) -> — | E15: =IF(INDEX('Daily Plan'!$A:$A,1+($B$10-1)*7+2)=0,"—",INDEX('Daily Plan'!$G:$G,1+($B$10-1)*7+2)) -> Easy | F15: =IF(INDEX('Daily Plan'!$A:$A,1+($B$10-1)*7+2)=0,"—",INDEX('Daily Plan'!$H:$H,1+($B$10-1)*7+2)) -> 20 | G15: =IF(INDEX('Daily Plan'!$A:$A,1+($B$10-1)*7+2)=0,"—",INDEX('Daily Plan'!$I:$I,1+($B$10-1)*7+2)) -> No
A16: =IF(INDEX('Daily Plan'!$A:$A,1+($B$10-1)*7+3)=0,"—",TEXT(INDEX('Daily Plan'!$C:$C,1+($B$10-1)*7+3),"ddd, mmm d")) -> Mon, Jul 20 | B16: =IF(INDEX('Daily Plan'!$A:$A,1+($B$10-1)*7+3)=0,"—",INDEX('Daily Plan'!$D:$D,1+($B$10-1)*7+3)) -> Monday | C16: =IF(INDEX('Daily Plan'!$A:$A,1+($B$10-1)*7+3)=0,"—",INDEX('Daily Plan'!$E:$E,1+($B$10-1)*7+3)) -> off | D16: =IF(INDEX('Daily Plan'!$A:$A,1+($B$10-1)*7+3)=0,"—",INDEX('Daily Plan'!$F:$F,1+($B$10-1)*7+3)) -> — | E16: =IF(INDEX('Daily Plan'!$A:$A,1+($B$10-1)*7+3)=0,"—",INDEX('Daily Plan'!$G:$G,1+($B$10-1)*7+3)) -> Rest | F16: =IF(INDEX('Daily Plan'!$A:$A,1+($B$10-1)*7+3)=0,"—",INDEX('Daily Plan'!$H:$H,1+($B$10-1)*7+3)) -> 0 | G16: =IF(INDEX('Daily Plan'!$A:$A,1+($B$10-1)*7+3)=0,"—",INDEX('Daily Plan'!$I:$I,1+($B$10-1)*7+3)) -> —
A17: =IF(INDEX('Daily Plan'!$A:$A,1+($B$10-1)*7+4)=0,"—",TEXT(INDEX('Daily Plan'!$C:$C,1+($B$10-1)*7+4),"ddd, mmm d")) -> Tue, Jul 21 | B17: =IF(INDEX('Daily Plan'!$A:$A,1+($B$10-1)*7+4)=0,"—",INDEX('Daily Plan'!$D:$D,1+($B$10-1)*7+4)) -> Tuesday | C17: =IF(INDEX('Daily Plan'!$A:$A,1+($B$10-1)*7+4)=0,"—",INDEX('Daily Plan'!$E:$E,1+($B$10-1)*7+4)) -> 20 min easy | D17: =IF(INDEX('Daily Plan'!$A:$A,1+($B$10-1)*7+4)=0,"—",INDEX('Daily Plan'!$F:$F,1+($B$10-1)*7+4)) -> — | E17: =IF(INDEX('Daily Plan'!$A:$A,1+($B$10-1)*7+4)=0,"—",INDEX('Daily Plan'!$G:$G,1+($B$10-1)*7+4)) -> Easy | F17: =IF(INDEX('Daily Plan'!$A:$A,1+($B$10-1)*7+4)=0,"—",INDEX('Daily Plan'!$H:$H,1+($B$10-1)*7+4)) -> 20 | G17: =IF(INDEX('Daily Plan'!$A:$A,1+($B$10-1)*7+4)=0,"—",INDEX('Daily Plan'!$I:$I,1+($B$10-1)*7+4)) -> No
A18: =IF(INDEX('Daily Plan'!$A:$A,1+($B$10-1)*7+5)=0,"—",TEXT(INDEX('Daily Plan'!$C:$C,1+($B$10-1)*7+5),"ddd, mmm d")) -> Wed, Jul 22 | B18: =IF(INDEX('Daily Plan'!$A:$A,1+($B$10-1)*7+5)=0,"—",INDEX('Daily Plan'!$D:$D,1+($B$10-1)*7+5)) -> Wednesday | C18: =IF(INDEX('Daily Plan'!$A:$A,1+($B$10-1)*7+5)=0,"—",INDEX('Daily Plan'!$E:$E,1+($B$10-1)*7+5)) -> off | D18: =IF(INDEX('Daily Plan'!$A:$A,1+($B$10-1)*7+5)=0,"—",INDEX('Daily Plan'!$F:$F,1+($B$10-1)*7+5)) -> — | E18: =IF(INDEX('Daily Plan'!$A:$A,1+($B$10-1)*7+5)=0,"—",INDEX('Daily Plan'!$G:$G,1+($B$10-1)*7+5)) -> Rest | F18: =IF(INDEX('Daily Plan'!$A:$A,1+($B$10-1)*7+5)=0,"—",INDEX('Daily Plan'!$H:$H,1+($B$10-1)*7+5)) -> 0 | G18: =IF(INDEX('Daily Plan'!$A:$A,1+($B$10-1)*7+5)=0,"—",INDEX('Daily Plan'!$I:$I,1+($B$10-1)*7+5)) -> —
A19: =IF(INDEX('Daily Plan'!$A:$A,1+($B$10-1)*7+6)=0,"—",TEXT(INDEX('Daily Plan'!$C:$C,1+($B$10-1)*7+6),"ddd, mmm d")) -> Thu, Jul 23 | B19: =IF(INDEX('Daily Plan'!$A:$A,1+($B$10-1)*7+6)=0,"—",INDEX('Daily Plan'!$D:$D,1+($B$10-1)*7+6)) -> Thursday | C19: =IF(INDEX('Daily Plan'!$A:$A,1+($B$10-1)*7+6)=0,"—",INDEX('Daily Plan'!$E:$E,1+($B$10-1)*7+6)) -> 20 min easy | D19: =IF(INDEX('Daily Plan'!$A:$A,1+($B$10-1)*7+6)=0,"—",INDEX('Daily Plan'!$F:$F,1+($B$10-1)*7+6)) -> — | E19: =IF(INDEX('Daily Plan'!$A:$A,1+($B$10-1)*7+6)=0,"—",INDEX('Daily Plan'!$G:$G,1+($B$10-1)*7+6)) -> Easy | F19: =IF(INDEX('Daily Plan'!$A:$A,1+($B$10-1)*7+6)=0,"—",INDEX('Daily Plan'!$H:$H,1+($B$10-1)*7+6)) -> 20 | G19: =IF(INDEX('Daily Plan'!$A:$A,1+($B$10-1)*7+6)=0,"—",INDEX('Daily Plan'!$I:$I,1+($B$10-1)*7+6)) -> No
A20: =IF(INDEX('Daily Plan'!$A:$A,1+($B$10-1)*7+7)=0,"—",TEXT(INDEX('Daily Plan'!$C:$C,1+($B$10-1)*7+7),"ddd, mmm d")) -> Fri, Jul 24 | B20: =IF(INDEX('Daily Plan'!$A:$A,1+($B$10-1)*7+7)=0,"—",INDEX('Daily Plan'!$D:$D,1+($B$10-1)*7+7)) -> Friday | C20: =IF(INDEX('Daily Plan'!$A:$A,1+($B$10-1)*7+7)=0,"—",INDEX('Daily Plan'!$E:$E,1+($B$10-1)*7+7)) -> 20 min easy | D20: =IF(INDEX('Daily Plan'!$A:$A,1+($B$10-1)*7+7)=0,"—",INDEX('Daily Plan'!$F:$F,1+($B$10-1)*7+7)) -> — | E20: =IF(INDEX('Daily Plan'!$A:$A,1+($B$10-1)*7+7)=0,"—",INDEX('Daily Plan'!$G:$G,1+($B$10-1)*7+7)) -> Easy | F20: =IF(INDEX('Daily Plan'!$A:$A,1+($B$10-1)*7+7)=0,"—",INDEX('Daily Plan'!$H:$H,1+($B$10-1)*7+7)) -> 20 | G20: =IF(INDEX('Daily Plan'!$A:$A,1+($B$10-1)*7+7)=0,"—",INDEX('Daily Plan'!$I:$I,1+($B$10-1)*7+7)) -> No
E21: Week total: | F21: =SUMIFS('Daily Plan'!$H:$H,'Daily Plan'!$A:$A,$B$10) -> 80 | G21: =COUNTIFS('Daily Plan'!$A:$A,$B$10,'Daily Plan'!$I:$I,"Yes")&" of "&COUNTIFS('Daily Plan'!$A:$A,$B$10,'Daily Plan'!$G:$G,"<>Rest")&" done" -> 0 of 4 done
A23: YOUR PROGRESS — fills in as you log runs on the Daily Plan tab
A24: Minutes planned across the whole plan | E24: =SUM('Daily Plan'!$H$2:$H$79) -> 1695
A25: Minutes you've actually logged | E25: =SUM('Daily Plan'!$J$2:$J$79) -> 0
A26: Miles you've actually logged | E26: =SUM('Daily Plan'!$K$2:$K$79) -> 0
A27: Runs completed | E27: =COUNTIF('Daily Plan'!$I$2:$I$79,"Yes")&" of "&COUNTIF('Daily Plan'!$G$2:$G$79,"<>Rest") -> 0 of 55
A28: Share of planned minutes done | E28: =IFERROR(SUM('Daily Plan'!$J$2:$J$79)/SUM('Daily Plan'!$H$2:$H$79),0) -> 0
A30: WHAT THE SHORTHAND MEANS
A31: Term | B31: What it means
A32: easy | B32: Conversational. You should be able to talk in full sentences the whole way.
A33: tempo | B33: Comfortably hard, sustained. Roughly the pace you could hold for an hour all-out.
A34: pickups (pu) | B34: Short bursts of fast, relaxed running inside an easy run, with easy jogging between.
A35: hills | B35: Hard uphill efforts, then jog back down to recover. Builds strength.
A36: off | B36: No running. This is part of the plan, not a failure. The first six weeks have two per week.
A37: 2 x 8 min tempo | B37: Two tempo blocks of 8 minutes each, with easy jogging in between.
A39: HOW TO LOG A RUN — example
A40: Done? | B40: Actual min | C40: Distance (mi) | D40: Feel 1-5 | E40: Notes
A41: Yes | B41: 30 | C41: 3.60 | D41: 4 | E41: Legs felt good, humid. Ran the river loop.
A42: Fill these in on the Daily Plan tab — they're the yellow columns. Nothing is required; even just ticking Done? keeps the progress numbers above moving.

Sheet Daily Plan
A1: Week | B1: Day | C1: Date | D1: Weekday | E1: Duration | F1: Workout | G1: Type | H1: Target min | I1: Done? | J1: Actual min | K1: Distance (mi) | L1: Feel 1-5 | M1: Notes
A2: 1 | B2: 1 | C2: =IF('Start Here'!$B$5="","",'Start Here'!$B$5+ROW()-2) -> 46221 | D2: =IF($C2="","",TEXT($C2,"dddd")) -> Saturday | E2: off | F2: — | G2: Rest | H2: 0 | I2: —
A3: 1 | B3: 2 | C3: =IF('Start Here'!$B$5="","",'Start Here'!$B$5+ROW()-2) -> 46222 | D3: =IF($C3="","",TEXT($C3,"dddd")) -> Sunday | E3: 20 min easy | F3: — | G3: Easy | H3: 20 | I3: No
A4: 1 | B4: 3 | C4: =IF('Start Here'!$B$5="","",'Start Here'!$B$5+ROW()-2) -> 46223 | D4: =IF($C4="","",TEXT($C4,"dddd")) -> Monday | E4: off | F4: — | G4: Rest | H4: 0 | I4: —
A5: 1 | B5: 4 | C5: =IF('Start Here'!$B$5="","",'Start Here'!$B$5+ROW()-2) -> 46224 | D5: =IF($C5="","",TEXT($C5,"dddd")) -> Tuesday | E5: 20 min easy | F5: — | G5: Easy | H5: 20 | I5: No
A6: 1 | B6: 5 | C6: =IF('Start Here'!$B$5="","",'Start Here'!$B$5+ROW()-2) -> 46225 | D6: =IF($C6="","",TEXT($C6,"dddd")) -> Wednesday | E6: off | F6: — | G6: Rest | H6: 0 | I6: —
A7: 1 | B7: 6 | C7: =IF('Start Here'!$B$5="","",'Start Here'!$B$5+ROW()-2) -> 46226 | D7: =IF($C7="","",TEXT($C7,"dddd")) -> Thursday | E7: 20 min easy | F7: — | G7: Easy | H7: 20 | I7: No
A8: 1 | B8: 7 | C8: =IF('Start Here'!$B$5="","",'Start Here'!$B$5+ROW()-2) -> 46227 | D8: =IF($C8="","",TEXT($C8,"dddd")) -> Friday | E8: 20 min easy | F8: — | G8: Easy | H8: 20 | I8: No
A9: 2 | B9: 1 | C9: =IF('Start Here'!$B$5="","",'Start Here'!$B$5+ROW()-2) -> 46228 | D9: =IF($C9="","",TEXT($C9,"dddd")) -> Saturday | E9: 20 min easy | F9: — | G9: Easy | H9: 20 | I9: No
A10: 2 | B10: 2 | C10: =IF('Start Here'!$B$5="","",'Start Here'!$B$5+ROW()-2) -> 46229 | D10: =IF($C10="","",TEXT($C10,"dddd")) -> Sunday | E10: off | F10: — | G10: Rest | H10: 0 | I10: —
A11: 2 | B11: 3 | C11: =IF('Start Here'!$B$5="","",'Start Here'!$B$5+ROW()-2) -> 46230 | D11: =IF($C11="","",TEXT($C11,"dddd")) -> Monday | E11: 25 min easy | F11: — | G11: Easy | H11: 25 | I11: No
A12: 2 | B12: 4 | C12: =IF('Start Here'!$B$5="","",'Start Here'!$B$5+ROW()-2) -> 46231 | D12: =IF($C12="","",TEXT($C12,"dddd")) -> Tuesday | E12: 25 min easy | F12: — | G12: Easy | H12: 25 | I12: No
A13: 2 | B13: 5 | C13: =IF('Start Here'!$B$5="","",'Start Here'!$B$5+ROW()-2) -> 46232 | D13: =IF($C13="","",TEXT($C13,"dddd")) -> Wednesday | E13: off | F13: — | G13: Rest | H13: 0 | I13: —
... A79: 12 | B79: 1 | C79: =IF('Start Here'!$B$5="","",'Start Here'!$B$5+ROW()-2) -> 46298 | D79: =IF($C79="","",TEXT($C79,"dddd")) -> Saturday | E79: 35 min easy | F79: — | G79: Easy | H79: 35 | I79: No
A80: END OF PLAN — the Sunday of week 12 is the final day.
A82: Dates in column C fill in automatically from the start date on the Start Here tab. Don't type over them — change the start date instead and the whole plan shifts.
A83: Today's row is shaded green so you can find your place at a glance.
A84: Yellow columns are yours to fill in. Everything to their left is the original plan from your coach's spreadsheet.
A85: Trimmed at your request to end on the Sunday of week 12; the rest of week 12 and all of week 13 have been dropped.

Sheet Week Grid
A1: The Whole Plan at a Glance
A2: Reference view. Weekday headings and dates follow the start date on the Start Here tab. Print this and stick it somewhere.
A4: Week | B4: =TEXT('Start Here'!$B$5+0,"dddd") -> Saturday | C4: =TEXT('Start Here'!$B$5+1,"dddd") -> Sunday | D4: =TEXT('Start Here'!$B$5+2,"dddd") -> Monday | E4: =TEXT('Start Here'!$B$5+3,"dddd") -> Tuesday | F4: =TEXT('Start Here'!$B$5+4,"dddd") -> Wednesday | G4: =TEXT('Start Here'!$B$5+5,"dddd") -> Thursday | H4: =TEXT('Start Here'!$B$5+6,"dddd") -> Friday | I4: Dates | J4: Target min | K4: Logged min
A5: 1 | B5: =INDEX('Daily Plan'!$E:$E,1+(1-1)*7+1)&IF(INDEX('Daily Plan'!$F:$F,1+(1-1)*7+1)="—","",CHAR(10)&INDEX('Daily Plan'!$F:$F,1+(1-1)*7+1)) -> off | C5: =INDEX('Daily Plan'!$E:$E,1+(1-1)*7+2)&IF(INDEX('Daily Plan'!$F:$F,1+(1-1)*7+2)="—","",CHAR(10)&INDEX('Daily Plan'!$F:$F,1+(1-1)*7+2)) -> 20 min easy | D5: =INDEX('Daily Plan'!$E:$E,1+(1-1)*7+3)&IF(INDEX('Daily Plan'!$F:$F,1+(1-1)*7+3)="—","",CHAR(10)&INDEX('Daily Plan'!$F:$F,1+(1-1)*7+3)) -> off | E5: =INDEX('Daily Plan'!$E:$E,1+(1-1)*7+4)&IF(INDEX('Daily Plan'!$F:$F,1+(1-1)*7+4)="—","",CHAR(10)&INDEX('Daily Plan'!$F:$F,1+(1-1)*7+4)) -> 20 min easy | F5: =INDEX('Daily Plan'!$E:$E,1+(1-1)*7+5)&IF(INDEX('Daily Plan'!$F:$F,1+(1-1)*7+5)="—","",CHAR(10)&INDEX('Daily Plan'!$F:$F,1+(1-1)*7+5)) -> off | G5: =INDEX('Daily Plan'!$E:$E,1+(1-1)*7+6)&IF(INDEX('Daily Plan'!$F:$F,1+(1-1)*7+6)="—","",CHAR(10)&INDEX('Daily Plan'!$F:$F,1+(1-1)*7+6)) -> 20 min easy | H5: =INDEX('Daily Plan'!$E:$E,1+(1-1)*7+7)&IF(INDEX('Daily Plan'!$F:$F,1+(1-1)*7+7)="—","",CHAR(10)&INDEX('Daily Plan'!$F:$F,1+(1-1)*7+7)) -> 20 min easy | I5: =TEXT('Start Here'!$B$5+0,"mmm d")&" – "&TEXT('Start Here'!$B$5+6,"mmm d") -> Jul 18 – Jul 24 | J5: =SUMIFS('Daily Plan'!$H:$H,'Daily Plan'!$A:$A,$A5) -> 80 | K5: =SUMIFS('Daily Plan'!$J:$J,'Daily Plan'!$A:$A,$A5) -> 0
A6: 2 | B6: =INDEX('Daily Plan'!$E:$E,1+(2-1)*7+1)&IF(INDEX('Daily Plan'!$F:$F,1+(2-1)*7+1)="—","",CHAR(10)&INDEX('Daily Plan'!$F:$F,1+(2-1)*7+1)) -> 20 min easy | C6: =INDEX('Daily Plan'!$E:$E,1+(2-1)*7+2)&IF(INDEX('Daily Plan'!$F:$F,1+(2-1)*7+2)="—","",CHAR(10)&INDEX('Daily Plan'!$F:$F,1+(2-1)*7+2)) -> off | D6: =INDEX('Daily Plan'!$E:$E,1+(2-1)*7+3)&IF(INDEX('Daily Plan'!$F:$F,1+(2-1)*7+3)="—","",CHAR(10)&INDEX('Daily Plan'!$F:$F,1+(2-1)*7+3)) -> 25 min easy | E6: =INDEX('Daily Plan'!$E:$E,1+(2-1)*7+4)&IF(INDEX('Daily Plan'!$F:$F,1+(2-1)*7+4)="—","",CHAR(10)&INDEX('Daily Plan'!$F:$F,1+(2-1)*7+4)) -> 25 min easy | F6: =INDEX('Daily Plan'!$E:$E,1+(2-1)*7+5)&IF(INDEX('Daily Plan'!$F:$F,1+(2-1)*7+5)="—","",CHAR(10)&INDEX('Daily Plan'!$F:$F,1+(2-1)*7+5)) -> off | G6: =INDEX('Daily Plan'!$E:$E,1+(2-1)*7+6)&IF(INDEX('Daily Plan'!$F:$F,1+(2-1)*7+6)="—","",CHAR(10)&INDEX('Daily Plan'!$F:$F,1+(2-1)*7+6)) -> 20 min easy | H6: =INDEX('Daily Plan'!$E:$E,1+(2-1)*7+7)&IF(INDEX('Daily Plan'!$F:$F,1+(2-1)*7+7)="—","",CHAR(10)&INDEX('Daily Plan'!$F:$F,1+(2-1)*7+7)) -> 25 min easy | I6: =TEXT('Start Here'!$B$5+7,"mmm d")&" – "&TEXT('Start Here'!$B$5+13,"mmm d") -> Jul 25 – Jul 31 | J6: =SUMIFS('Daily Plan'!$H:$H,'Daily Plan'!$A:$A,$A6) -> 115 | K6: =SUMIFS('Daily Plan'!$J:$J,'Daily Plan'!$A:$A,$A6) -> 0
A7: 3 | B7: =INDEX('Daily Plan'!$E:$E,1+(3-1)*7+1)&IF(INDEX('Daily Plan'!$F:$F,1+(3-1)*7+1)="—","",CHAR(10)&INDEX('Daily Plan'!$F:$F,1+(3-1)*7+1)) -> 20 min easy | C7: =INDEX('Daily Plan'!$E:$E,1+(3-1)*7+2)&IF(INDEX('Daily Plan'!$F:$F,1+(3-1)*7+2)="—","",CHAR(10)&INDEX('Daily Plan'!$F:$F,1+(3-1)*7+2)) -> off | D7: =INDEX('Daily Plan'!$E:$E,1+(3-1)*7+3)&IF(INDEX('Daily Plan'!$F:$F,1+(3-1)*7+3)="—","",CHAR(10)&INDEX('Daily Plan'!$F:$F,1+(3-1)*7+3)) -> 30 min easy | E7: =INDEX('Daily Plan'!$E:$E,1+(3-1)*7+4)&IF(INDEX('Daily Plan'!$F:$F,1+(3-1)*7+4)="—","",CHAR(10)&INDEX('Daily Plan'!$F:$F,1+(3-1)*7+4)) -> 30 min easy | F7: =INDEX('Daily Plan'!$E:$E,1+(3-1)*7+5)&IF(INDEX('Daily Plan'!$F:$F,1+(3-1)*7+5)="—","",CHAR(10)&INDEX('Daily Plan'!$F:$F,1+(3-1)*7+5)) -> off | G7: =INDEX('Daily Plan'!$E:$E,1+(3-1)*7+6)&IF(INDEX('Daily Plan'!$F:$F,1+(3-1)*7+6)="—","",CHAR(10)&INDEX('Daily Plan'!$F:$F,1+(3-1)*7+6)) -> 25 min easy | H7: =INDEX('Daily Plan'!$E:$E,1+(3-1)*7+7)&IF(INDEX('Daily Plan'!$F:$F,1+(3-1)*7+7)="—","",CHAR(10)&INDEX('Daily Plan'!$F:$F,1+(3-1)*7+7)) -> 25 min easy | I7: =TEXT('Start Here'!$B$5+14,"mmm d")&" – "&TEXT('Start Here'!$B$5+20,"mmm d") -> Aug 1 – Aug 7 | J7: =SUMIFS('Daily Plan'!$H:$H,'Daily Plan'!$A:$A,$A7) -> 130 | K7: =SUMIFS('Daily Plan'!$J:$J,'Daily Plan'!$A:$A,$A7) -> 0
A8: 4 | B8: =INDEX('Daily Plan'!$E:$E,1+(4-1)*7+1)&IF(INDEX('Daily Plan'!$F:$F,1+(4-1)*7+1)="—","",CHAR(10)&INDEX('Daily Plan'!$F:$F,1+(4-1)*7+1)) -> 20 min easy | C8: =INDEX('Daily Plan'!$E:$E,1+(4-1)*7+2)&IF(INDEX('Daily Plan'!$F:$F,1+(4-1)*7+2)="—","",CHAR(10)&INDEX('Daily Plan'!$F:$F,1+(4-1)*7+2)) -> off | D8: =INDEX('Daily Plan'!$E:$E,1+(4-1)*7+3)&IF(INDEX('Daily Plan'!$F:$F,1+(4-1)*7+3)="—","",CHAR(10)&INDEX('Daily Plan'!$F:$F,1+(4-1)*7+3)) -> 30 min easy | E8: =INDEX('Daily Plan'!$E:$E,1+(4-1)*7+4)&IF(INDEX('Daily Plan'!$F:$F,1+(4-1)*7+4)="—","",CHAR(10)&INDEX('Daily Plan'!$F:$F,1+(4-1)*7+4)) -> 30 min easy | F8: =INDEX('Daily Plan'!$E:$E,1+(4-1)*7+5)&IF(INDEX('Daily Plan'!$F:$F,1+(4-1)*7+5)="—","",CHAR(10)&INDEX('Daily Plan'!$F:$F,1+(4-1)*7+5)) -> off | G8: =INDEX('Daily Plan'!$E:$E,1+(4-1)*7+6)&IF(INDEX('Daily Plan'!$F:$F,1+(4-1)*7+6)="—","",CHAR(10)&INDEX('Daily Plan'!$F:$F,1+(4-1)*7+6)) -> 35 min easy | H8: =INDEX('Daily Plan'!$E:$E,1+(4-1)*7+7)&IF(INDEX('Daily Plan'!$F:$F,1+(4-1)*7+7)="—","",CHAR(10)&INDEX('Daily Plan'!$F:$F,1+(4-1)*7+7)) -> 20 min easy | I8: =TEXT('Start Here'!$B$5+21,"mmm d")&" – "&TEXT('Start Here'!$B$5+27,"mmm d") -> Aug 8 – Aug 14 | J8: =SUMIFS('Daily Plan'!$H:$H,'Daily Plan'!$A:$A,$A8) -> 135 | K8: =SUMIFS('Daily Plan'!$J:$J,'Daily Plan'!$A:$A,$A8) -> 0
A9: 5 | B9: =INDEX('Daily Plan'!$E:$E,1+(5-1)*7+1)&IF(INDEX('Daily Plan'!$F:$F,1+(5-1)*7+1)="—","",CHAR(10)&INDEX('Daily Plan'!$F:$F,1+(5-1)*7+1)) -> 25 min easy | C9: =INDEX('Daily Plan'!$E:$E,1+(5-1)*7+2)&IF(INDEX('Daily Plan'!$F:$F,1+(5-1)*7+2)="—","",CHAR(10)&INDEX('Daily Plan'!$F:$F,1+(5-1)*7+2)) -> off | D9: =INDEX('Daily Plan'!$E:$E,1+(5-1)*7+3)&IF(INDEX('Daily Plan'!$F:$F,1+(5-1)*7+3)="—","",CHAR(10)&INDEX('Daily Plan'!$F:$F,1+(5-1)*7+3)) -> 35 min easy | E9: =INDEX('Daily Plan'!$E:$E,1+(5-1)*7+4)&IF(INDEX('Daily Plan'!$F:$F,1+(5-1)*7+4)="—","",CHAR(10)&INDEX('Daily Plan'!$F:$F,1+(5-1)*7+4)) -> 35 min easy | F9: =INDEX('Daily Plan'!$E:$E,1+(5-1)*7+5)&IF(INDEX('Daily Plan'!$F:$F,1+(5-1)*7+5)="—","",CHAR(10)&INDEX('Daily Plan'!$F:$F,1+(5-1)*7+5)) -> off | G9: =INDEX('Daily Plan'!$E:$E,1+(5-1)*7+6)&IF(INDEX('Daily Plan'!$F:$F,1+(5-1)*7+6)="—","",CHAR(10)&INDEX('Daily Plan'!$F:$F,1+(5-1)*7+6)) -> 20 min easy | H9: =INDEX('Daily Plan'!$E:$E,1+(5-1)*7+7)&IF(INDEX('Daily Plan'!$F:$F,1+(5-1)*7+7)="—","",CHAR(10)&INDEX('Daily Plan'!$F:$F,1+(5-1)*7+7)) -> 20 min easy | I9: =TEXT('Start Here'!$B$5+28,"mmm d")&" – "&TEXT('Start Here'!$B$5+34,"mmm d") -> Aug 15 – Aug 21 | J9: =SUMIFS('Daily Plan'!$H:$H,'Daily Plan'!$A:$A,$A9) -> 135 | K9: =SUMIFS('Daily Plan'!$J:$J,'Daily Plan'!$A:$A,$A9) -> 0
A10: 6 | B10: =INDEX('Daily Plan'!$E:$E,1+(6-1)*7+1)&IF(INDEX('Daily Plan'!$F:$F,1+(6-1)*7+1)="—","",CHAR(10)&INDEX('Daily Plan'!$F:$F,1+(6-1)*7+1)) -> 35 min easy | C10: =INDEX('Daily Plan'!$E:$E,1+(6-1)*7+2)&IF(INDEX('Daily Plan'!$F:$F,1+(6-1)*7+2)="—","",CHAR(10)&INDEX('Daily Plan'!$F:$F,1+(6-1)*7+2)) -> off | D10: =INDEX('Daily Plan'!$E:$E,1+(6-1)*7+3)&IF(INDEX('Daily Plan'!$F:$F,1+(6-1)*7+3)="—","",CHAR(10)&INDEX('Daily Plan'!$F:$F,1+(6-1)*7+3)) -> 35 min easy | E10: =INDEX('Daily Plan'!$E:$E,1+(6-1)*7+4)&IF(INDEX('Daily Plan'!$F:$F,1+(6-1)*7+4)="—","",CHAR(10)&INDEX('Daily Plan'!$F:$F,1+(6-1)*7+4)) -> 35 min easy | F10: =INDEX('Daily Plan'!$E:$E,1+(6-1)*7+5)&IF(INDEX('Daily Plan'!$F:$F,1+(6-1)*7+5)="—","",CHAR(10)&INDEX('Daily Plan'!$F:$F,1+(6-1)*7+5)) -> off | G10: =INDEX('Daily Plan'!$E:$E,1+(6-1)*7+6)&IF(INDEX('Daily Plan'!$F:$F,1+(6-1)*7+6)="—","",CHAR(10)&INDEX('Daily Plan'!$F:$F,1+(6-1)*7+6)) -> 40 min easy | H10: =INDEX('Daily Plan'!$E:$E,1+(6-1)*7+7)&IF(INDEX('Daily Plan'!$F:$F,1+(6-1)*7+7)="—","",CHAR(10)&INDEX('Daily Plan'!$F:$F,1+(6-1)*7+7)) -> 20 min easy | I10: =TEXT('Start Here'!$B$5+35,"mmm d")&" – "&TEXT('Start Here'!$B$5+41,"mmm d") -> Aug 22 – Aug 28 | J10: =SUMIFS('Daily Plan'!$H:$H,'Daily Plan'!$A:$A,$A10) -> 165 | K10: =SUMIFS('Daily Plan'!$J:$J,'Daily Plan'!$A:$A,$A10) -> 0
A11: 7 | B11: =INDEX('Daily Plan'!$E:$E,1+(7-1)*7+1)&IF(INDEX('Daily Plan'!$F:$F,1+(7-1)*7+1)="—","",CHAR(10)&INDEX('Daily Plan'!$F:$F,1+(7-1)*7+1)) -> 20 min easy | C11: =INDEX('Daily Plan'!$E:$E,1+(7-1)*7+2)&IF(INDEX('Daily Plan'!$F:$F,1+(7-1)*7+2)="—","",CHAR(10)&INDEX('Daily Plan'!$F:$F,1+(7-1)*7+2)) -> off | D11: =INDEX('Daily Plan'!$E:$E,1+(7-1)*7+3)&IF(INDEX('Daily Plan'!$F:$F,1+(7-1)*7+3)="—","",CHAR(10)&INDEX('Daily Plan'!$F:$F,1+(7-1)*7+3)) -> 40 min easy | E11: =INDEX('Daily Plan'!$E:$E,1+(7-1)*7+4)&IF(INDEX('Daily Plan'!$F:$F,1+(7-1)*7+4)="—","",CHAR(10)&INDEX('Daily Plan'!$F:$F,1+(7-1)*7+4)) -> 40 min run 1 x 5 min tempo | F11: =INDEX('Daily Plan'!$E:$E,1+(7-1)*7+5)&IF(INDEX('Daily Plan'!$F:$F,1+(7-1)*7+5)="—","",CHAR(10)&INDEX('Daily Plan'!$F:$F,1+(7-1)*7+5)) -> off | G11: =INDEX('Daily Plan'!$E:$E,1+(7-1)*7+6)&IF(INDEX('Daily Plan'!$F:$F,1+(7-1)*7+6)="—","",CHAR(10)&INDEX('Daily Plan'!$F:$F,1+(7-1)*7+6)) -> 30 min easy | H11: =INDEX('Daily Plan'!$E:$E,1+(7-1)*7+7)&IF(INDEX('Daily Plan'!$F:$F,1+(7-1)*7+7)="—","",CHAR(10)&INDEX('Daily Plan'!$F:$F,1+(7-1)*7+7)) -> 30 min run 5 x 1 min pickups | I11: =TEXT('Start Here'!$B$5+42,"mmm d")&" – "&TEXT('Start Here'!$B$5+48,"mmm d") -> Aug 29 – Sep 4 | J11: =SUMIFS('Daily Plan'!$H:$H,'Daily Plan'!$A:$A,$A11) -> 160 | K11: =SUMIFS('Daily Plan'!$J:$J,'Daily Plan'!$A:$A,$A11) -> 0
A12: 8 | B12: =INDEX('Daily Plan'!$E:$E,1+(8-1)*7+1)&IF(INDEX('Daily Plan'!$F:$F,1+(8-1)*7+1)="—","",CHAR(10)&INDEX('Daily Plan'!$F:$F,1+(8-1)*7+1)) -> 30 min easy | C12: =INDEX('Daily Plan'!$E:$E,1+(8-1)*7+2)&IF(INDEX('Daily Plan'!$F:$F,1+(8-1)*7+2)="—","",CHAR(10)&INDEX('Daily Plan'!$F:$F,1+(8-1)*7+2)) -> off | D12: =INDEX('Daily Plan'!$E:$E,1+(8-1)*7+3)&IF(INDEX('Daily Plan'!$F:$F,1+(8-1)*7+3)="—","",CHAR(10)&INDEX('Daily Plan'!$F:$F,1+(8-1)*7+3)) -> 45 min run 2 x 4 min tempo | E12: =INDEX('Daily Plan'!$E:$E,1+(8-1)*7+4)&IF(INDEX('Daily Plan'!$F:$F,1+(8-1)*7+4)="—","",CHAR(10)&INDEX('Daily Plan'!$F:$F,1+(8-1)*7+4)) -> 30 min easy | F12: =INDEX('Daily Plan'!$E:$E,1+(8-1)*7+5)&IF(INDEX('Daily Plan'!$F:$F,1+(8-1)*7+5)="—","",CHAR(10)&INDEX('Daily Plan'!$F:$F,1+(8-1)*7+5)) -> off | G12: =INDEX('Daily Plan'!$E:$E,1+(8-1)*7+6)&IF(INDEX('Daily Plan'!$F:$F,1+(8-1)*7+6)="—","",CHAR(10)&INDEX('Daily Plan'!$F:$F,1+(8-1)*7+6)) -> 45 min run 5 x 40 sec hills | H12: =INDEX('Daily Plan'!$E:$E,1+(8-1)*7+7)&IF(INDEX('Daily Plan'!$F:$F,1+(8-1)*7+7)="—","",CHAR(10)&INDEX('Daily Plan'!$F:$F,1+(8-1)*7+7)) -> 30 min easy | I12: =TEXT('Start Here'!$B$5+49,"mmm d")&" – "&TEXT('Start Here'!$B$5+55,"mmm d") -> Sep 5 – Sep 11 | J12: =SUMIFS('Daily Plan'!$H:$H,'Daily Plan'!$A:$A,$A12) -> 180 | K12: =SUMIFS('Daily Plan'!$J:$J,'Daily Plan'!$A:$A,$A12) -> 0
A13: 9 | B13: =INDEX('Daily Plan'!$E:$E,1+(9-1)*7+1)&IF(INDEX('Daily Plan'!$F:$F,1+(9-1)*7+1)="—","",CHAR(10)&INDEX('Daily Plan'!$F:$F,1+(9-1)*7+1)) -> 30 min easy | C13: =INDEX('Daily Plan'!$E:$E,1+(9-1)*7+2)&IF(INDEX('Daily Plan'!$F:$F,1+(9-1)*7+2)="—","",CHAR(10)&INDEX('Daily Plan'!$F:$F,1+(9-1)*7+2)) -> off | D13: =INDEX('Daily Plan'!$E:$E,1+(9-1)*7+3)&IF(INDEX('Daily Plan'!$F:$F,1+(9-1)*7+3)="—","",CHAR(10)&INDEX('Daily Plan'!$F:$F,1+(9-1)*7+3)) -> 45 min run 1 x 10 min tempo | E13: =INDEX('Daily Plan'!$E:$E,1+(9-1)*7+4)&IF(INDEX('Daily Plan'!$F:$F,1+(9-1)*7+4)="—","",CHAR(10)&INDEX('Daily Plan'!$F:$F,1+(9-1)*7+4)) -> 30 min easy | F13: =INDEX('Daily Plan'!$E:$E,1+(9-1)*7+5)&IF(INDEX('Daily Plan'!$F:$F,1+(9-1)*7+5)="—","",CHAR(10)&INDEX('Daily Plan'!$F:$F,1+(9-1)*7+5)) -> off | G13: =INDEX('Daily Plan'!$E:$E,1+(9-1)*7+6)&IF(INDEX('Daily Plan'!$F:$F,1+(9-1)*7+6)="—","",CHAR(10)&INDEX('Daily Plan'!$F:$F,1+(9-1)*7+6)) -> 45 min run 8 x 40 sec hills | H13: =INDEX('Daily Plan'!$E:$E,1+(9-1)*7+7)&IF(INDEX('Daily Plan'!$F:$F,1+(9-1)*7+7)="—","",CHAR(10)&INDEX('Daily Plan'!$F:$F,1+(9-1)*7+7)) -> 30 min easy | I13: =TEXT('Start Here'!$B$5+56,"mmm d")&" – "&TEXT('Start Here'!$B$5+62,"mmm d") -> Sep 12 – Sep 18 | J13: =SUMIFS('Daily Plan'!$H:$H,'Daily Plan'!$A:$A,$A13) -> 180 | K13: =SUMIFS('Daily Plan'!$J:$J,'Daily Plan'!$A:$A,$A13) -> 0
A14: 10 | B14: =INDEX('Daily Plan'!$E:$E,1+(10-1)*7+1)&IF(INDEX('Daily Plan'!$F:$F,1+(10-1)*7+1)="—","",CHAR(10)&INDEX('Daily Plan'!$F:$F,1+(10-1)*7+1)) -> 30 min easy | C14: =INDEX('Daily Plan'!$E:$E,1+(10-1)*7+2)&IF(INDEX('Daily Plan'!$F:$F,1+(10-1)*7+2)="—","",CHAR(10)&INDEX('Daily Plan'!$F:$F,1+(10-1)*7+2)) -> off | D14: =INDEX('Daily Plan'!$E:$E,1+(10-1)*7+3)&IF(INDEX('Daily Plan'!$F:$F,1+(10-1)*7+3)="—","",CHAR(10)&INDEX('Daily Plan'!$F:$F,1+(10-1)*7+3)) -> 50 min run 2 x 8 min tempo | E14: =INDEX('Daily Plan'!$E:$E,1+(10-1)*7+4)&IF(INDEX('Daily Plan'!$F:$F,1+(10-1)*7+4)="—","",CHAR(10)&INDEX('Daily Plan'!$F:$F,1+(10-1)*7+4)) -> 30 min easy | F14: =INDEX('Daily Plan'!$E:$E,1+(10-1)*7+5)&IF(INDEX('Daily Plan'!$F:$F,1+(10-1)*7+5)="—","",CHAR(10)&INDEX('Daily Plan'!$F:$F,1+(10-1)*7+5)) -> 30 min easy | G14: =INDEX('Daily Plan'!$E:$E,1+(10-1)*7+6)&IF(INDEX('Daily Plan'!$F:$F,1+(10-1)*7+6)="—","",CHAR(10)&INDEX('Daily Plan'!$F:$F,1+(10-1)*7+6)) -> 45 min run 10 x 1 min pickups | H14: =INDEX('Daily Plan'!$E:$E,1+(10-1)*7+7)&IF(INDEX('Daily Plan'!$F:$F,1+(10-1)*7+7)="—","",CHAR(10)&INDEX('Daily Plan'!$F:$F,1+(10-1)*7+7)) -> off | I14: =TEXT('Start Here'!$B$5+63,"mmm d")&" – "&TEXT('Start Here'!$B$5+69,"mmm d") -> Sep 19 – Sep 25 | J14: =SUMIFS('Daily Plan'!$H:$H,'Daily Plan'!$A:$A,$A14) -> 185 | K14: =SUMIFS('Daily Plan'!$J:$J,'Daily Plan'!$A:$A,$A14) -> 0
A15: 11 | B15: =INDEX('Daily Plan'!$E:$E,1+(11-1)*7+1)&IF(INDEX('Daily Plan'!$F:$F,1+(11-1)*7+1)="—","",CHAR(10)&INDEX('Daily Plan'!$F:$F,1+(11-1)*7+1)) -> 30 min easy | C15: =INDEX('Daily Plan'!$E:$E,1+(11-1)*7+2)&IF(INDEX('Daily Plan'!$F:$F,1+(11-1)*7+2)="—","",CHAR(10)&INDEX('Daily Plan'!$F:$F,1+(11-1)*7+2)) -> off | D15: =INDEX('Daily Plan'!$E:$E,1+(11-1)*7+3)&IF(INDEX('Daily Plan'!$F:$F,1+(11-1)*7+3)="—","",CHAR(10)&INDEX('Daily Plan'!$F:$F,1+(11-1)*7+3)) -> 60 min run 1 x 10 min tempo | E15: =INDEX('Daily Plan'!$E:$E,1+(11-1)*7+4)&IF(INDEX('Daily Plan'!$F:$F,1+(11-1)*7+4)="—","",CHAR(10)&INDEX('Daily Plan'!$F:$F,1+(11-1)*7+4)) -> 35 min easy | F15: =INDEX('Daily Plan'!$E:$E,1+(11-1)*7+5)&IF(INDEX('Daily Plan'!$F:$F,1+(11-1)*7+5)="—","",CHAR(10)&INDEX('Daily Plan'!$F:$F,1+(11-1)*7+5)) -> 40 min easy | G15: =INDEX('Daily Plan'!$E:$E,1+(11-1)*7+6)&IF(INDEX('Daily Plan'!$F:$F,1+(11-1)*7+6)="—","",CHAR(10)&INDEX('Daily Plan'!$F:$F,1+(11-1)*7+6)) -> 30 min easy | H15: =INDEX('Daily Plan'!$E:$E,1+(11-1)*7+7)&IF(INDEX('Daily Plan'!$F:$F,1+(11-1)*7+7)="—","",CHAR(10)&INDEX('Daily Plan'!$F:$F,1+(11-1)*7+7)) -> off | I15: =TEXT('Start Here'!$B$5+70,"mmm d")&" – "&TEXT('Start Here'!$B$5+76,"mmm d") -> Sep 26 – Oct 2 | J15: =SUMIFS('Daily Plan'!$H:$H,'Daily Plan'!$A:$A,$A15) -> 195 | K15: =SUMIFS('Daily Plan'!$J:$J,'Daily Plan'!$A:$A,$A15) -> 0
A16: 12 | B16: =INDEX('Daily Plan'!$E:$E,1+(12-1)*7+1)&IF(INDEX('Daily Plan'!$F:$F,1+(12-1)*7+1)="—","",CHAR(10)&INDEX('Daily Plan'!$F:$F,1+(12-1)*7+1)) -> 35 min easy | C16: plan ends | I16: =TEXT('Start Here'!$B$5+77,"mmm d") -> Oct 3 | J16: =SUMIFS('Daily Plan'!$H:$H,'Daily Plan'!$A:$A,$A16) -> 35 | K16: =SUMIFS('Daily Plan'!$J:$J,'Daily Plan'!$A:$A,$A16) -> 0
A18: Blue = easy running. Orange = a workout session (tempo, hills or pickups). Grey = day off.
A21: Shape of the plan: six weeks of easy running only, then the first tempo appears in week 7 and quality is layered in from there. Volume climbs 80 → 195 min across weeks 1-11, and the plan closes on a single easy 35 min run.
